listing_title,lang,platform,price,currency,collected
KINGDOM HEARTS 鍵型キーホルダー,ja,mercari,2139,JPY,2026-09-19
キングダム ハーツ クラウン ネックレス 王冠 シルバー U-TREASURE,ja,mercari,7999,JPY,2026-09-19
【新品】キングダムハーツ Tシャツ ソラ リク カイリ ミッキー ディズニー,ja,mercari,5880,JPY,2026-09-19
キングダムハーツ一番く C賞 デスクトップフィギュア コンプリート おまけ,ja,mercari,15000,JPY,2026-09-19
キングダムハーツ 一番くじ まとめ売り,ja,mercari,2222,JPY,2026-09-19
キングダムハーツ 一番くじ E賞 F賞 G賞,ja,mercari,1500,JPY,2026-09-19
キングダムハーツ 一番くじ 25th ラストワン賞 リク スタチュー フィギュア,ja,mercari,7999,JPY,2026-09-19
キングダムハーツ マスコット ロクサス アクセル,ja,mercari,1980,JPY,2026-09-19
【英語版】キングダムハーツ メロディーオブメモリー Switch スイッチ 海外,ja,mercari,3300,JPY,2026-09-19
キングダムハーツ3D 3DSソフト ARカード3枚付き,ja,mercari,1480,JPY,2026-09-19
キングダムハーツ ウエハース カード 4種セット,ja,mercari,1000,JPY,2026-09-19
一番くじ キングダムハーツ 25周年 C賞 デスクトップフィギュア ミッキー,ja,mercari,8500,JPY,2026-09-19
キングダムハーツ ウエハース シール 4枚 ディズニー TOMY 当時,ja,mercari,400,JPY,2026-09-19
スーパーグルーピーズ リクモデル ブーツ 27.5cm キングダムハーツⅢ,ja,mercari,8200,JPY,2026-09-19
【ジャンク品】SONY PSP-3000 KINGDOM HEARTS 本体,ja,mercari,8200,JPY,2026-09-19
キングダムハーツ チェインオブメモリーズ GBA ソフト,ja,mercari,580,JPY,2026-09-19
PS4 キングダム ハーツIII,ja,mercari,550,JPY,2026-09-19
一番くじ キングダムハーツ キーブレードチャーム7種 アートディッシュ 2種,ja,mercari,5000,JPY,2026-09-19
キングダムハーツ 一番くじ B賞 ブランケット,ja,mercari,1100,JPY,2026-09-19
キングダムハーツ 一番くじ C賞 デスクトップフィギュア ドナルド,ja,mercari,4444,JPY,2026-09-19
一番くじ キングダムハーツ G賞 キーブレードチャーム ミッキー,ja,mercari,1400,JPY,2026-09-19
一番くじ キングダムハーツ 25th ラストワン賞 リク スタチュー フィギュア,ja,mercari,8500,JPY,2026-09-19
新品・未使用 一番くじ キングダムハーツ D賞 アートディッシュ 全2種セット,ja,mercari,950,JPY,2026-09-19
一番くじ キングダムハーツ 25周年 D賞 アートディッシュ ソラ&リク,ja,mercari,599,JPY,2026-09-19
BANDAI SPIRITS 一番くじ KINGDOM HEARTS 20th Anniversary B賞 カイリ スタチュー,ja,mercari,4950,JPY,2026-09-19
【未開封】キングダムハーツ2 プレイアーツ フィギュア 4体まとめセット,ja,mercari,30100,JPY,2026-09-19
【初版・チラシ付き】キングダムハーツⅡ 1巻 天野シロ ガンガンコミックス,ja,mercari,777,JPY,2026-09-19
KINGDOM HEARTS(キングダム ハーツ),ja,mercari,485,JPY,2026-09-19
キングダムハーツ キャンバスポーチ ソラ＆ロクサス,ja,mercari,2600,JPY,2026-09-19
キングダムハーツ 1番くじ D賞 E賞 F賞 まとめ売り,ja,mercari,750,JPY,2026-09-19
ディズニー マジカルコレクション 135 キングダムハーツ2 ソラ 通常版未開封,ja,mercari,3999,JPY,2026-09-19
S.H.Figuarts ソラ キングダムハーツII,ja,mercari,26500,JPY,2026-09-19
キングダムハーツ 358/2 Days 全5巻セット 天野シロ b2669,ja,mercari,2600,JPY,2026-09-19
一番くじ KINGDOM HEARTS ハンドタオル セット,ja,mercari,600,JPY,2026-09-19
キングダムハーツ 一番くじ G賞 キーブレード スタークラスター ミッキー,ja,mercari,666,JPY,2026-09-19
【中古】開封)C賞 デスクトップフィギュア C.グーフィー ｢一番くじ KINGDOM HEARTS -25th Anniversary-｣[91],ja,mercari,5620,JPY,2026-09-19
DSソフト キングダムハーツ2本まとめ 動作確認済み,ja,mercari,1280,JPY,2026-09-19
一番くじ キングダムハーツ Ａ賞 ソラ スタチュー Ｄ賞 アート皿 2種 セット,ja,mercari,8555,JPY,2026-09-19
KINGDOM HEARTS ソラ フード付きコート,ja,mercari,25800,JPY,2026-09-19
一番くじ キングダムハーツ G賞キーブレード チャームコレクション セット,ja,mercari,3000,JPY,2026-09-19
キングダムハーツ 一番くじ 20th 25th Anniversary タオル,ja,mercari,700,JPY,2026-09-19
一番くじ キングダムハーツ G賞 キーブレードチャーム キングダムチェーン,ja,mercari,1200,JPY,2026-09-19
一番くじ キングダムハーツ 25th Anniversary Ａ賞ソラスタチュー,ja,mercari,8099,JPY,2026-09-19
【中古】開封)C賞 デスクトップフィギュア A.王様 ｢一番くじ KINGDOM HEARTS -25th Anniversary-｣[91],ja,mercari,10900,JPY,2026-09-19
リク スタチュー 一番くじ キングダムハーツ ラストワン賞 フィギュア,ja,mercari,11800,JPY,2026-09-19
キングダムハーツ マスコット Vol.2 ホワイトマッシュルーム レアトリュフ,ja,mercari,4500,JPY,2026-09-19
一番くじ キングダムハーツ A賞 ソラ＆ロクサススタチュー 未開封品,ja,mercari,5300,JPY,2026-09-19
PS4 未開封新品 キングダムハーツ メロディオブメモリー,ja,mercari,1799,JPY,2026-09-19
【開封品】キングダムハーツ ウエハース カード ソラ&ロクサス,ja,mercari,1444,JPY,2026-09-19
入手困難 FINAL FANTASY VII REBIRTH サウジイベント T,ja,mercari,24000,JPY,2026-09-19
キングダムハーツ コンサート First Breath タオル KH,ja,mercari,1600,JPY,2026-09-19
キングダムハーツII Vol.2 フォーメーションアーツ フィギュア2点セット,ja,mercari,5980,JPY,2026-09-19
小説 キングダム ハーツII Short Stories Vol.1 OTHER DIAMONDS (GAME NOVELS),ja,mercari,518,JPY,2026-09-19
コスプレウィッグ ショート レッド系ブラウン,ja,mercari,1800,JPY,2026-09-19
KINGDOM HEARTS Birth by Sleep PSP,ja,mercari,300,JPY,2026-09-19
キングダム ハーツ チケット風アクリルキーホルダー,ja,mercari,3333,JPY,2026-09-19
一番くじ キングダムハーツ G賞 キーブレードチャームコレクション 7種,ja,mercari,2600,JPY,2026-09-19
NINTENDO 3DS 本体 キングダムハーツエディション,ja,mercari,23000,JPY,2026-09-19
ソラ amiibo キングダムハーツ,ja,mercari,1680,JPY,2026-09-19
キングダムハーツ ナミネ サンダル コスプレ用,ja,mercari,3800,JPY,2026-09-19
ダイアモンドセレクトトイズ キングダムハーツ ピート チップデール フィギュア,ja,mercari,10000,JPY,2026-09-19
キングダムハーツ ナミネ コスプレ衣装セット ウィッグ付き,ja,mercari,5600,JPY,2026-09-19
攻略本キングダムハーツ アルティマニア 増補改訂版,ja,mercari,1000,JPY,2026-09-19
キングダムハーツ リク キーホルダー,ja,mercari,799,JPY,2026-09-19
プレステ4 KINGDOM HEARTS III LIMITED EDITION,ja,mercari,13333,JPY,2026-09-19
Disney KINGDOM HEARTS Tシャツ ホワイト Sサイズ,ja,mercari,1580,JPY,2026-09-19
絶版 キングダムハーツ ソラ(マスターフォーム) 3枚セット,ja,mercari,36000,JPY,2026-09-19
キングダムハーツII & FINAL MIX+ PS2ソフト,ja,mercari,2800,JPY,2026-09-19
PS4 キングダムハーツ インテグラム マスターピース 限定版 美品,ja,mercari,9800,JPY,2026-09-19
新品 キングダムハーツ ＆You ミニぬいぐるみ ソラ マスコット,ja,mercari,1499,JPY,2026-09-19
KINGDOM HEARTS FINAL MIX PS2 ソフトキングダムハーツ,ja,mercari,400,JPY,2026-09-19
【PS3】KINGDOM HEARTS HD 1.5+2.5 ReMIX 海外版,ja,mercari,1500,JPY,2026-09-19
KINGDOM HEARTS INTEGRUM MASTERPIECE PS4,ja,mercari,9000,JPY,2026-09-19
キングダムハーツ 一番くじ B賞 ブランケット ミッキー ドナルド グーフィー,ja,mercari,1333,JPY,2026-09-19
PS4 ソフト まとめ売り 11本セット,ja,mercari,8888,JPY,2026-09-19
ゲーム攻略本 11冊セット まとめ売り,ja,mercari,3000,JPY,2026-09-19
キングダムハーツ カードゲーム ヴィランズSR 4枚セット,ja,mercari,3800,JPY,2026-09-19
キングダムハーツ HD 2.5 リミックス & スプラトゥーン2,ja,mercari,1650,JPY,2026-09-19
キングダムハーツ 一番くじ C賞 デスクトップフィギュア 3個 ※全種,ja,mercari,18000,JPY,2026-09-19
KINGDOM HEARTS キングダムハーツ グラス フォーク,ja,mercari,1399,JPY,2026-09-19
PS4 Pro 1TB キングダムハーツ限定版 ソフト7本,ja,mercari,43000,JPY,2026-09-19
キングダムハーツ 20周年 アンバサダーホテル キーブレード,ja,mercari,47777,JPY,2026-09-19
キングダムハーツ カード 王様 U,ja,mercari,3600,JPY,2026-09-19
キングダムハーツ カード シド C,ja,mercari,1600,JPY,2026-09-19
キングダムハーツ カード ソラ R,ja,mercari,2300,JPY,2026-09-19
キングダムハーツ カード モーグリ C,ja,mercari,1000,JPY,2026-09-19
キングダムハーツ チェインオブメモリーズ GBA ソフト 箱・説明書付,ja,mercari,1000,JPY,2026-09-19
PS3 CECH4000B 本体 ブラック コントローラー ソフト4本セット,ja,mercari,12999,JPY,2026-09-19
【新品】一番くじ キングダムハーツ 25th D賞アートディッシュ G賞チャーム,ja,mercari,1800,JPY,2026-09-19
graniph キングダムハーツ Tシャツ Mサイズ オーバーサイズ,ja,mercari,6111,JPY,2026-09-19
キングダムハーツ シャドウ 刺繍 キャップ ブラック,ja,mercari,4000,JPY,2026-09-19
キングダムハーツ 一番くじ G賞 キーブレードチャームコレクション 2点,ja,mercari,680,JPY,2026-09-19
XIII機関,ja,mercari,1111,JPY,2026-09-19
キングダムハーツ キーブレード キーホルダー,ja,mercari,2000,JPY,2026-09-19
初版含む【キングダムハーツ】天野シロ 漫画 1-4巻セット,ja,mercari,1900,JPY,2026-09-19
一番くじ キングダムハーツ E賞 ハンドタオル F賞 ワールドロゴラバーチャーム,ja,mercari,449,JPY,2026-09-19
キングダムハーツ パズル ジグソーパズル 2枚セット 額縁付き,ja,mercari,3099,JPY,2026-09-19
キングダムハーツ1番くじキーブレイドキーホールダー,ja,mercari,1500,JPY,2026-09-19
一番くじ キングダムハーツ 25周年 まとめ売り,ja,mercari,10100,JPY,2026-09-19
【新品未使用】KINGDOM HEARTS Tシャツ ブラック L,ja,mercari,1899,JPY,2026-09-19
【中古】PS4ソフト キングダムハーツIII[インテグラムマスターピース],ja,mercari,8794,JPY,2026-09-19
一番くじキングダムハーツ G賞 キーブレードチャームコレクション 5種,ja,mercari,1600,JPY,2026-09-19
キングダムハーツ 一番くじ A賞 ソラ＆王様ミッキー スタチュー,ja,mercari,3999,JPY,2026-09-19
一番くじ キングダムハーツ ラストワン賞,ja,mercari,8200,JPY,2026-09-19
キングダム ハーツ キングダムチェーン シリコンアイストレー,ja,mercari,2899,JPY,2026-09-19
【中古】ゲームミュージックCD KINGDOM HEARTS Orchestra -World of Tres- Album,ja,mercari,1414,JPY,2026-09-19
【中古】ゲームミュージックCD 下村陽子/PIANO COLLECTIONS KINGDOM HEARTS,ja,mercari,1087,JPY,2026-09-19
【中古】ゲームミュージックCD 下村陽子/Piano Collections KINGDOM HEARTS FIELD ＆ BATTLE,ja,mercari,1087,JPY,2026-09-19
【中古】ゲームミュージックCD KINGDOM HEARTS-FINAL MIX- Additional Tracks,ja,mercari,1087,JPY,2026-09-19
Kingdom Hearts Ichiban Kuji Hand Towel and Desktop Figure Set,en,ebay,2733784,IDR,2026-09-19
"Kingdom Hearts HD 1.5 + 2.5 ReMIX (PS4, 2017) - Tested & Working",en,ebay,621532,IDR,2026-09-19
KINGDOM HEARTS III BRING ARTS Kairi Square Enix Japan,en,ebay,3348215,IDR,2026-09-19
Ichiban Kuji Kingdom Hearts D Prize Mickey Donald Plush Stuffed Toy,en,ebay,1260285,IDR,2026-09-19
Kingdom Hearts Terra Mascot Plush Namco Limited Japan,en,ebay,603424,IDR,2026-09-19
"Nintendo 3DS Kingdom Hearts Edition Console Bundle, Black, No Game or Charger",en,ebay,13172548,IDR,2026-09-19
Sony PlayStation 4 Pro 1TB Kingdom Hearts III Limited Edition Bundle PS4 Games 7,en,ebay,11983097,IDR,2026-09-19
Graniph Kingdom Hearts Graphic T-Shirt L Mickey Goofy Donald Duck Sora,en,ebay,2964573,IDR,2026-09-19
Sally Disney Zelda Kingdom Hearts Harry Potter Lottery Prize Glass Seven Set,en,ebay,1464444,IDR,2026-09-19
Kingdom Hearts Chain of Memories Acrylic Stand Spiral Acrylic Figure,en,ebay,1491074,IDR,2026-09-19
Presale NINTENDO SWITCH KINGDOM HEARTS Collection [I～III] Japan NEW,en,ebay,1792875,IDR,2026-09-19
Ichiban Kuji Kingdom Hearts Linking Hearts Roxas Last One Statue Figure,en,ebay,5574264,IDR,2026-09-19
Presale NINTENDO SWITCH2 KINGDOM HEARTS Collection I-III Japan NEW,en,ebay,1766245,IDR,2026-09-19
Ichiban Kuji Kingdom Hearts 20th Anniversary Prize Set 12 Pcs Towels Rubber,en,ebay,2733784,IDR,2026-09-19
Kingdom Hearts King Mickey Shadow Plush Stuffed Toy KH2 Outfit Last One Prize,en,ebay,1491074,IDR,2026-09-19
Kingdom Hearts Record Style Wall Clock 29cm Sora Kairi Riku Box Included,en,ebay,2254453,IDR,2026-09-19
Kingdom Hearts 25th Anniversary Ultima Weapon Keychain G Prize 14+,en,ebay,1082755,IDR,2026-09-19
Nintendo DSi Console TWL-001 Kingdom Hearts 358/2 Days Limited Black Tested,en,ebay,4047684,IDR,2026-09-19
Kingdom Hearts 25th Anniversary Ichiban Kuji Blanket Art Dish Hand Towel Set,en,ebay,1437815,IDR,2026-09-19
Square Enix Kingdom Hearts DS 358/2 Days Re:coded 3D Dream Drop Distance Set,en,ebay,1384556,IDR,2026-09-19
Kingdom Hearts 25th Anniversary Ichiban Kuji C Prize Desktop Figure Set,en,ebay,1899393,IDR,2026-09-19
"Kingdom Hearts 25th Anniversary Ichiban Kuji A.D Prize Sora Statue, Bonus Set",en,ebay,2609513,IDR,2026-09-19
Kingdom Hearts 25th Anniversary Ichiban Kuji Mickey Desktop Figure,en,ebay,2733784,IDR,2026-09-19
Ichiban Kuji Kingdom Hearts 25th Last One Prize Figure Goofy,en,ebay,3390645,IDR,2026-09-19
Black DUALSHOCK 4 Wireless Controller Kingdom Hearts Limited Edition PS4,en,ebay,2662772,IDR,2026-09-19
Disney Kingdom Hearts Jumbosealdass 3 Seal Tarzan Aladdin Pinocchio Pooh 2003,en,ebay,355060,IDR,2026-09-19
Kingdom Hearts Model Number Promise Charm / Memories of the Past Conductor's Key,en,ebay,5380046,IDR,2026-09-19
Ichiban Kuji KINGDOM HEARTS 25TH ANNIV Model C Prize Desktop Figure Donald BANDA,en,ebay,2010882,IDR,2026-09-19
Kingdom Hearts Model C Prize GOOFY BANDAI SPIRITS,en,ebay,2010882,IDR,2026-09-19
Ichiban Kuji Kingdom Hearts 20TH ANNIVERSARY Model Number Prize Sora ver. BANDAI,en,ebay,2381387,IDR,2026-09-19
Kingdom Hearts 25TH Model Number A Prize Sora Statue BANDAI,en,ebay,2575427,IDR,2026-09-19
Ichiban Kuji KINGDOM HEARTS Model Prize A Sora Statue BANDAI,en,ebay,2381387,IDR,2026-09-19
Kingdom Hearts Prize Model Number Sora BANDAI,en,ebay,2381387,IDR,2026-09-19
Ichiban Kuji Kingdom Hearts 25TH ANNIVERSARY Model Number A Prize Sora Statue BA,en,ebay,2769468,IDR,2026-09-19
Kingdom Hearts Figure Model Number A Prize Bandai,en,ebay,2381387,IDR,2026-09-19
Ichiban Kuji Kingdom Hearts Model Number Prize Riku Statue BANDAI,en,ebay,2963330,IDR,2026-09-19
Kingdom Hearts Model Number A Prize Sora Roxas Statue BANDAI,en,ebay,2769468,IDR,2026-09-19
Kingdom Hearts Model Number A Prize Sora King Mickey Statue BANDAI,en,ebay,2381387,IDR,2026-09-19
Kingdom Hearts Ichiban Kuji Model A Prize Sora Statue Bandai,en,ebay,2575427,IDR,2026-09-19
KINGDOM HEARTS 20TH ANNIVERSARY Model Sora Statue BANDAI,en,ebay,2769468,IDR,2026-09-19
KINGDOM HEARTS Model A Prize Sora Statue Bandai,en,ebay,2381387,IDR,2026-09-19
Kingdom Hearts Model A Prize Sora King Statue Bandai,en,ebay,2381387,IDR,2026-09-19
Kingdom Hearts 25TH Model Number Prize Riku Statue BANDAI,en,ebay,2963330,IDR,2026-09-19
Kingdom Hearts 25TH ANNIVERSARY Model Prize Riku Statue Bandai Spirits,en,ebay,2963330,IDR,2026-09-19
Kingdom Hearts 25TH ANNIVERSARY Model A Prize Sora Statue Bandai Spirits,en,ebay,2478318,IDR,2026-09-19
Kingdom Hearts Model Riku Statue Prize BANDAI,en,ebay,3254479,IDR,2026-09-19
BRING ARTS King Mickey Management Number 6896 Model Number Kingdom Hearts III SQ,en,ebay,3351411,IDR,2026-09-19
Game Model Number Ichiban Kuji Kingdom Hearts Sora Statue Ichiban Kuji,en,ebay,3739491,IDR,2026-09-19
KINGDOM HEARTS Ichiban Kuji Model Prize Riku Statue BANDAI,en,ebay,3254479,IDR,2026-09-19
Game Model Ichiban Kuji Kingdom Hearts Prize Roxas Statue Ichiban Kuji,en,ebay,7232217,IDR,2026-09-19
SuperGroupies Kingdom Hearts Roxas Backpack Black Game Character Bag Japan,en,ebay,2840480,IDR,2026-09-19
Kingdom Hearts Lottery Prize Figure Keyblade G Prize 14+,en,ebay,1010145,IDR,2026-09-19
Kingdom Hearts II.8 2.8 Final Chapter Prologue Limited Edition PlayStation 4 PS4,en,ebay,1420240,IDR,2026-09-19
Kingdom Hearts 20th Anniversary Sora Statue Figure Prize Ichiban Kuji Last One,en,ebay,1656887,IDR,2026-09-19
Kingdom Hearts 358/2 Days Vol.1-5 Complete Manga Set Shiro Amano Japanese,en,ebay,949785,IDR,2026-09-19
Nintendo 3DS Kingdom Hearts Dream Drop Distance & DS 358/2 Days 3 set,en,ebay,1042278,IDR,2026-09-19
Nendoroid #984 Kingdom Hearts Riku Good Smile Disney Oblivion Keyblade FREE SHIP,en,ebay,1242710,IDR,2026-09-19
Kingdom Hearts Ultra Detail Figure Set 5 Sora Donald Goofy Riku Mickey,en,ebay,3638832,IDR,2026-09-19
Disney Kingdom Hearts Halloween Town Graphic TShirt M Japan,en,ebay,2670051,IDR,2026-09-19
